frame_0.jpg,590.26196,472.1822,-701.78546,596.4838,459.96277,-651.27686,604.0596,460.6413,-651.28986,612.0255,461.08456,-651.16943,572.1863,460.767,-665.51825,562.3547,461.60208,-665.4156,552.50366,462.62637,-665.50726,613.1797,485.3682,-392.33838,531.6278,487.2777,-447.61093,601.9901,504.17096,-606.829,568.6569,504.51474,-622.538,677.30164,655.42523,-238.10593,457.39053,650.52075,-292.53036,722.0097,831.77936,-89.938484,433.44327,834.0169,-237.84734,743.1321,997.3568,-255.19626,424.08752,1008.77747,-356.94516,755.1106,1045.2338,-289.91833,413.6667,1060.1544,-368.38397,741.03564,1051.1667,-373.80984,426.03485,1066.7963,-452.8336,725.78955,1035.2,-288.27042,443.33673,1049.246,-389.7019,635.68604,997.4456,13.000058,506.43713,996.4936,-12.804522,653.8462,1247.192,109.23759,498.80447,1254.4169,28.330982,655.39984,1470.4751,420.77582,521.4003,1481.898,376.06573,637.8059,1502.9719,435.72794,545.0427,1511.6317,393.89102,712.613,1557.3698,190.21617,459.12476,1578.0419,136.08037
frame_1.jpg,559.3539,481.93518,-250.17653,567.4407,469.57632,-210.24974,575.42346,469.96106,-210.2014,583.787,470.10544,-210.0959,542.7834,471.032,-217.9955,533.36664,472.1661,-218.01747,523.97095,473.4435,-218.16565,591.25995,493.45435,-57.447823,509.60815,497.89462,-84.70305,575.15857,515.5562,-197.15018,542.3376,517.06274,-204.51062,666.3666,670.26373,-9.429093,440.3327,665.56604,-63.932655,705.3218,848.91907,51.33928,412.65274,851.9836,-65.756226,723.4985,1008.7237,-56.850822,404.0109,1024.4917,-144.48364,738.90674,1057.4565,-82.94042,390.32565,1075.3188,-148.04771,718.6233,1062.528,-142.23627,409.65372,1082.9355,-210.88478,703.9566,1045.4777,-79.30926,428.39035,1066.0262,-167.85033,618.5307,1009.75055,16.787336,487.43738,1008.51904,-16.752394,622.9147,1259.1361,51.839027,479.3961,1273.7158,-68.050835,634.041,1475.5027,199.76935,505.37808,1512.2582,120.41651,620.6119,1506.1826,202.14507,528.8866,1543.6094,124.12328,680.7027,1560.4308,39.523876,450.84412,1609.9266,-61.604546
frame_10.jpg,653.7054,318.7793,-462.6767,630.3893,291.1912,-439.29572,630.4691,291.54208,-439.02298,631.10724,291.74664,-439.1172,621.7889,292.83725,-518.53094,612.9009,293.94012,-518.6202,603.99005,295.22473,-518.71954,592.9621,316.54678,-251.58296,557.4283,322.63315,-606.77277,644.6382,358.36407,-383.51465,627.31036,359.8926,-486.68494,579.3998,525.087,0.18246245,484.64978,546.6716,-701.3609,584.07904,794.51166,138.80234,518.5454,843.53546,-729.44147,656.0176,1009.23926,24.467764,640.32947,1051.87,-629.0982,672.10284,1061.9594,10.939336,652.74585,1109.081,-697.9148,681.08923,1059.914,-65.914345,685.6115,1091.9119,-696.40643,667.0672,1048.0415,-14.837119,679.4316,1074.6617,-622.1782,587.9091,1004.0599,238.68282,526.0555,1032.2993,-237.59497,643.26733,1258.4004,548.8135,559.48615,1358.8134,-76.614105,592.66174,1518.6862,913.8784,549.5588,1668.3042,131.52994,549.7984,1570.3568,938.3529,507.0243,1721.1919,135.61661,731.3251,1589.1967,873.6661,700.7977,1761.2361,-75.40608
frame_11.jpg,680.9598,335.13983,-394.18274,656.23035,305.76392,-374.21396,654.40906,305.53043,-373.9572,653.0019,305.20367,-374.22037,651.2324,308.01184,-459.23517,643.5888,308.8529,-459.2117,635.9465,309.83807,-459.2727,611.56146,326.05814,-190.36519,590.2558,333.06067,-569.31134,668.41864,371.49994,-311.43002,656.3221,373.63345,-421.30466,562.4398,526.75793,87.23049,549.9533,540.74194,-681.8055,584.6531,801.79144,214.92905,591.1623,832.8164,-689.8671,680.36285,1009.96936,104.042595,701.87695,1045.3591,-577.8378,699.22675,1055.25,90.7378,714.69183,1100.18,-656.4782,719.0778,1055.9194,14.732805,743.3695,1085.5677,-655.2778,708.62994,1047.7681,65.985794,733.22595,1072.6108,-572.56396,583.5066,1012.6322,256.78394,575.87866,1034.8447,-255.23596,608.60956,1276.1124,588.1751,596.7672,1340.0775,5.764291,560.6204,1552.8788,939.62744,579.3862,1656.0326,282.9023,516.9655,1605.5913,962.1488,532.8566,1711.0066,293.6201,700.69147,1612.9227,878.9481,735.17694,1730.5765,96.88387
frame_12.jpg,648.2072,336.3819,-196.56856,630.5335,303.14868,-190.34862,626.95874,301.86835,-189.92044,623.7033,300.41675,-190.11046,632.5623,307.81757,-251.40326,628.54675,308.85464,-251.29985,624.62683,310.03333,-251.19597,589.22473,317.1309,-96.496,593.06165,330.311,-360.06738,633.0943,370.4998,-141.96771,630.2232,374.22095,-220.30862,492.54437,500.06842,123.96879,581.0528,527.17676,-487.34845,514.1782,775.3182,288.44678,636.4092,811.53534,-456.8231,605.82745,946.2533,291.20807,725.9963,1019.41095,-339.9414,620.3594,983.4928,292.89075,734.2218,1078.8477,-418.53302,643.7711,978.9403,227.31752,758.4619,1066.614,-410.41113,639.6123,972.5378,260.773,747.0884,1049.1172,-336.51236,536.21704,979.56506,209.24855,576.9289,1005.9115,-207.53764,569.00775,1254.1819,355.87674,595.5315,1302.8966,1.684454,528.5992,1546.517,565.9728,572.45276,1620.5034,244.09653,480.82266,1595.0753,578.5876,525.8754,1677.1962,253.40924,657.1807,1607.1428,526.4932,726.52637,1669.4138,125.97153
frame_13.jpg,640.1974,380.20752,-53.702522,619.98865,349.03174,-66.71627,613.2268,347.3719,-66.31027,606.73346,345.7028,-66.52128,632.615,354.33215,-121.53549,632.98254,355.96906,-121.295204,633.56213,357.68817,-121.0833,570.55334,360.9273,-70.512794,611.03046,375.65118,-311.9705,622.63043,411.8138,-37.32016,632.517,416.75418,-107.06726,430.89392,537.75995,31.793781,626.95154,566.0593,-435.02408,449.6439,786.0481,209.12633,677.37317,843.40546,-376.32675,552.9175,914.2715,325.59985,753.96045,1024.6783,-202.57657,566.0084,947.94196,338.50146,764.99243,1081.5322,-236.83638,578.40765,940.3443,309.12225,777.79694,1068.2107,-240.24905,581.03046,928.9373,313.41742,764.9028,1048.4829,-199.33623,494.84644,981.1661,185.48346,594.6539,1001.3546,-183.28178,529.5504,1249.8806,457.7616,617.692,1316.4235,43.07477,490.6035,1519.5433,776.051,593.66315,1621.1582,302.02368,457.25537,1574.6141,801.57153,560.6417,1679.4093,317.69867,581.2363,1535.1515,809.8148,700.19806,1644.3007,255.03336
frame_14.jpg,560.0546,389.81433,132.62675,542.8306,365.46445,101.59932,534.16425,365.8856,101.93953,525.8292,366.30222,101.883255,564.81714,365.0207,64.35841,570.43634,364.75702,64.84141,576.3339,364.6059,65.16268,502.01126,388.74915,-7.502762,574.95386,386.09045,-166.9524,546.45184,423.84906,108.17347,564.72485,422.67917,61.751366,374.72086,581.05273,25.165113,637.75165,567.59937,-359.46,395.2688,820.86835,180.69789,687.07623,834.89667,-340.4104,484.75098,958.83044,288.93045,739.9675,1022.7427,-188.62787,493.07593,1003.25464,300.17194,750.76526,1082.762,-210.12607,501.31454,992.49243,276.8414,759.21716,1075.3655,-201.7609,508.2285,974.81085,282.5967,743.9367,1055.7418,-177.01071,451.70706,1016.4305,161.32976,590.8609,1012.07324,-159.27916,498.50058,1301.569,448.97974,609.42786,1329.3389,102.15256,463.30084,1576.1876,750.7669,602.5861,1642.021,350.57742,439.8317,1632.6868,773.3477,573.64276,1705.4407,367.28073,533.41486,1580.3018,814.6905,700.22766,1655.3425,346.94293
frame_15.jpg,545.9233,375.74,217.27434,528.73,350.3689,164.05745,518.64355,351.57,164.45924,508.96042,352.76797,164.48676,556.2063,348.6858,142.68849,564.18835,348.18408,143.21725,572.40875,347.8463,143.48892,487.73907,379.7834,-16.957088,578.13525,372.18768,-105.77402,532.0957,412.91867,169.43123,555.68134,409.98196,143.43106,351.29852,584.86475,-46.334526,659.92053,572.5184,-267.17908,337.66315,842.298,135.41669,714.73816,860.6235,-224.7753,413.88928,982.512,372.26358,752.7851,1059.7511,-60.58259,414.2183,1027.4156,405.88745,764.75745,1121.9225,-65.92281,427.53094,1014.82764,391.94574,766.87445,1113.639,-55.702038,438.18134,999.6235,376.37405,751.89496,1092.941,-46.83359,431.6929,1055.859,111.83825,594.75616,1047.087,-109.70501,475.0553,1352.9423,498.46365,616.27106,1387.9004,177.0675,441.2429,1645.4624,847.5941,619.12067,1720.0662,420.2437,427.59293,1705.6887,876.7845,595.1374,1786.903,437.8703,480.63367,1644.7842,946.2728,702.26404,1733.1163,450.81537
frame_16.jpg,540.8942,355.8881,281.14185,523.0386,330.26715,210.61378,512.5433,331.99744,211.39859,502.48547,333.7487,211.4121,552.9227,326.578,200.00908,561.7424,325.08328,200.06808,570.78796,323.80347,200.74138,482.85406,362.198,-12.913084,580.25793,348.146,-54.36393,527.4148,395.14493,222.013,553.12524,389.4238,208.33217,328.0116,583.3954,-135.47902,685.72125,552.6132,-242.00403,271.07233,876.2147,-29.77528,745.5214,877.2012,-262.24045,343.9505,1050.6688,270.2861,756.1681,1103.093,-104.94105,353.6401,1113.2712,309.06458,760.80896,1174.2893,-85.55951,367.27637,1091.7507,304.0074,752.82245,1156.2472,-72.80892,371.83823,1066.9326,280.3437,739.94446,1130.3088,-87.35034,421.5482,1108.2795,80.52525,611.355,1087.2286,-78.49403,443.05414,1442.2836,378.0293,628.8991,1442.9697,315.148,415.80817,1789.6553,702.84595,630.4935,1803.7856,566.0091,405.10455,1866.3114,730.7282,606.5242,1883.3577,589.90894,452.51877,1767.812,823.8193,699.3421,1804.5159,656.36975
frame_17.jpg,529.15247,351.07068,316.2571,513.655,324.05496,236.7035,503.33255,325.32022,237.518,493.43024,326.58875,237.57306,545.3753,320.90417,240.51962,555.9347,319.30365,240.54314,566.7724,317.96423,241.2804,485.49017,356.3054,-52.19351,588.45593,343.62186,-23.487959,522.6873,390.312,231.57413,549.3353,385.3065,238.10031,347.17065,583.569,-231.96228,739.2967,552.62555,-228.99075,293.1832,902.32806,-122.233864,790.6902,878.2298,-234.87405,344.70413,1112.8013,259.4002,774.01483,1107.2407,-21.512306,349.05978,1188.6595,309.69476,774.66705,1180.9856,17.567284,361.35516,1163.5759,307.94174,761.8182,1161.1592,35.809822,367.883,1133.8711,274.93045,750.9453,1133.6644,0.60893273,442.1607,1137.109,41.892136,655.2161,1121.7297,-39.796852,460.41034,1479.2863,369.4007,678.8013,1476.2109,417.48245,446.07983,1832.637,669.96106,691.9113,1831.9396,634.71747,442.5502,1911.3215,695.3189,677.55475,1914.5555,658.35803,467.14233,1801.4863,819.3618,726.0948,1815.5791,764.3883
frame_18.jpg,533.8334,273.6672,465.74533,519.578,244.78952,380.92807,509.86362,246.05765,381.7647,500.6144,247.32324,381.82245,549.7241,241.52223,390.7025,560.1781,239.8305,390.7099,570.91125,238.48538,391.39905,495.4523,277.62955,51.036835,593.65234,264.03586,108.760826,528.923,314.83463,366.3274,554.71967,309.97037,381.31772,364.60596,520.7146,-196.00673,756.83685,484.44562,-91.92992,299.94778,856.2178,-86.9328,816.47205,822.257,-12.030011,339.49698,1086.1191,355.64832,775.25867,1034.257,397.7155,342.1588,1168.5854,414.17355,771.53174,1105.5936,477.3244,355.0567,1141.6953,418.50027,754.8305,1083.554,497.8977,361.8423,1109.2583,376.29288,745.6395,1056.6843,423.24228,467.0366,1095.6324,4.889327,681.30853,1078.5753,-3.0398302,477.29907,1446.3748,370.4833,718.39954,1427.1903,490.32925,485.80026,1809.9662,628.304,744.37775,1775.6953,688.4614,489.1928,1886.2319,649.1887,736.7064,1855.6384,711.0697,493.71716,1797.224,797.1267,768.33997,1769.317,848.56744
frame_19.jpg,494.57983,245.69612,313.6612,485.4087,214.33508,226.88258,476.248,214.49603,227.38173,467.6556,214.57077,227.4238,514.77655,213.89551,252.55827,525.0753,213.13866,252.6297,535.69745,212.75064,253.1626,466.27087,243.81946,-106.07928,561.2493,240.01768,33.05175,488.5077,284.59827,212.1487,512.4219,282.3836,250.53284,367.41867,474.6182,-393.4487,712.26263,459.1528,-74.89243,308.43726,808.57947,-260.97943,739.4257,769.92236,10.675456,305.75882,1040.202,176.79543,663.9246,973.68463,355.17453,303.19827,1124.8754,214.90813,647.9644,1047.0096,418.56326,307.73474,1101.2227,211.58958,635.0061,1027.507,425.89008,315.97604,1069.1254,194.16226,634.5319,998.838,372.09976,439.43027,1045.0236,-101.866455,632.9094,1035.7681,103.34968,447.5297,1386.8217,254.74084,649.74524,1350.3726,871.1555,474.21823,1739.2891,520.3036,674.3195,1634.473,1348.6547,494.90225,1813.6521,542.28577,679.7896,1703.7916,1403.0356,432.82562,1738.0826,610.49365,631.5584,1631.656,1519.0922
frame_2.jpg,496.70007,511.3757,-312.0593,504.17493,497.8541,-268.66977,512.3513,498.1208,-268.69208,520.8892,498.16006,-268.65186,479.19363,499.491,-277.0148,469.43564,500.6473,-276.92896,459.68393,501.95004,-277.00427,527.6565,521.6312,-90.027596,444.0756,526.6629,-119.90035,512.8329,543.8573,-248.97574,478.54602,545.6394,-257.11887,603.80145,694.3391,-23.856602,376.01276,694.3228,-66.19341,643.9211,870.4652,56.110905,352.12457,879.54816,-46.459152,668.241,1029.9756,-67.08892,352.05353,1050.5988,-144.67865,684.02295,1077.89,-92.68634,342.4674,1102.61,-150.67749,669.2949,1083.9321,-158.63974,361.11646,1108.1453,-214.58223,653.6426,1067.3986,-92.256775,377.589,1089.3612,-168.39075,563.2816,1038.3552,8.00206,431.78506,1039.8092,-7.6346426,576.955,1293.0529,34.36872,420.75516,1298.4781,-50.521973,587.6461,1504.8754,231.4247,455.96927,1525.2184,194.43523,573.50854,1533.2655,237.53279,481.49948,1553.4385,203.52603,633.1362,1595.5836,58.038937,401.3454,1626.5677,10.674226
frame_20.jpg,476.9765,230.08736,127.87617,483.70663,196.06488,47.838116,481.6155,196.26846,48.240448,480.00095,196.39996,48.47636,501.0303,194.70091,103.47006,509.18665,193.80186,103.755714,517.79254,193.2752,103.82319,501.5299,224.62068,-263.4471,556.1684,218.82225,0.30991116,486.0831,274.56476,31.275383,496.56738,272.22827,107.00596,431.75452,462.6284,-454.2558,727.22,447.59262,1.2422142,374.88843,799.1322,-334.77042,744.26685,741.6096,167.90208,318.07764,1042.6075,-11.906549,649.3476,920.1821,517.5765,295.31976,1118.603,-2.2584217,638.77185,971.5253,584.528,301.30542,1103.1332,5.7636604,615.1561,964.361,561.4628,318.64032,1078.7112,6.634212,610.50195,950.48114,518.04846,472.40408,1026.5641,-138.80331,645.4575,1026.4031,140.5951,455.7945,1382.6863,208.70535,648.1631,1354.3281,641.1504,473.04245,1746.0378,552.6952,667.24646,1655.3336,1028.5642,497.45123,1822.6365,578.94653,680.999,1728.6823,1066.482,399.41852,1749.5804,603.56195,610.1482,1650.168,1128.7493
frame_21.jpg,563.5667,283.7855,7.1405206,575.5864,253.8537,-58.96451,576.674,255.8135,-58.732426,578.0889,257.70493,-58.387436,585.5709,247.60329,5.4700847,591.3348,245.02287,5.8027534,597.48474,242.74458,5.723944,602.71295,289.44705,-312.12726,631.47723,266.76477,-12.392213,574.4691,332.31326,-71.70152,576.9308,324.66006,14.507951,549.0053,530.48285,-505.75433,778.8641,496.6582,85.16978,508.91736,863.93115,-409.78842,770.8483,784.24756,231.64137,444.66266,1099.0496,-105.72844,679.9109,964.71655,470.42715,424.7954,1169.3282,-113.82376,668.4234,1011.2504,509.01965,424.6209,1158.0657,-113.85803,651.4657,1007.7166,475.1971,439.47336,1137.0878,-90.951485,648.495,997.08435,459.30148,588.3703,1064.3978,-202.74997,720.9808,1048.5549,204.55817,535.5775,1441.9282,88.683266,703.17236,1378.9039,616.322,549.7747,1798.792,438.5851,712.6729,1662.1342,1034.0898,581.4837,1872.5651,463.9789,738.8895,1733.4263,1071.7778,429.13022,1803.3359,411.1676,610.63055,1653.401,1078.6654
frame_22.jpg,521.4132,310.41693,-296.0914,546.73865,275.15375,-363.88083,553.8474,275.8089,-364.01016,561.21295,276.3909,-364.1366,544.2088,271.5763,-290.29333,546.9651,269.72723,-290.1555,549.7479,268.0319,-289.90283,608.14856,300.7999,-521.7098,592.7218,287.0029,-185.83481,546.58954,356.74994,-338.67596,537.27997,352.57336,-242.0195,619.9102,551.38367,-635.5874,691.82666,502.68924,27.701483,576.70465,897.6206,-595.3865,692.1513,807.3225,119.62337,466.67252,1129.4108,-465.4617,590.22034,970.714,102.42953,455.91656,1194.5177,-514.2802,577.4302,1007.4098,90.04891,432.76324,1183.7643,-534.2556,556.54987,998.26306,40.635338,443.0865,1162.3966,-466.56302,559.8083,994.9093,75.568565,605.05914,1094.1185,-211.88947,648.94214,1058.2974,213.34193,576.03894,1460.8717,51.598904,638.7865,1382.0603,493.11545,617.20953,1797.7268,322.94394,658.76184,1668.3737,783.9397,654.55194,1861.0829,336.86328,694.236,1735.4296,807.65356,489.77097,1839.5764,222.47266,532.509,1685.948,768.46277
frame_23.jpg,495.00153,285.95685,-470.94836,525.9927,255.59126,-547.0099,534.3967,255.79079,-547.23846,543.1285,255.78065,-547.4044,522.2323,254.2095,-463.2897,525.3884,253.5232,-463.32556,528.319,253.03357,-463.17175,595.6305,280.6137,-678.82697,574.391,275.3731,-290.22195,522.0644,330.76147,-506.06927,512.1633,328.79453,-394.7584,658.7588,524.56726,-805.1672,602.5361,494.63138,29.843904,617.60645,838.33325,-776.0746,599.6356,782.7295,118.101524,503.1216,1103.7228,-741.50604,522.5866,1025.6194,146.4811,493.7852,1178.088,-836.14453,510.9767,1091.1458,180.26476,452.21506,1172.7107,-843.979,495.44968,1088.9355,108.86495,460.80182,1149.0604,-741.76196,502.69003,1072.8126,117.459366,643.7064,1043.5176,-249.15991,604.34045,1009.06665,250.20776,626.4128,1373.5923,36.631115,581.96204,1295.2585,595.99274,650.29034,1699.5824,329.71805,605.9423,1556.7721,905.8999,688.19446,1756.6809,339.53738,644.96515,1617.2545,933.14557,497.73093,1771.2607,160.99637,446.1917,1606.4136,901.258
frame_24.jpg,471.0131,291.05963,-471.391,499.24158,255.71103,-546.49634,508.24307,254.34991,-546.6451,517.6583,252.75644,-546.7845,492.85498,257.69943,-463.32236,495.04144,257.7407,-463.3069,496.87125,258.02792,-463.22922,573.77423,270.55533,-664.8345,542.61035,274.94235,-269.65228,503.42627,329.5731,-500.85037,490.79416,331.90952,-386.60416,692.49115,518.89355,-763.0925,534.1056,491.24948,40.825325,664.27,843.39764,-742.894,516.94775,756.4143,210.65381,535.9514,1090.1952,-786.0302,447.4931,964.5901,167.19556,522.78735,1162.426,-879.58875,432.6815,1023.0797,197.33812,480.03226,1152.5051,-904.816,420.46436,1024.4249,98.67629,484.40695,1126.3752,-792.6342,438.90976,1013.0817,126.73305,638.6441,1052.8596,-244.75426,549.52893,1025.5138,245.52533,619.8608,1385.4227,69.18304,562.1127,1322.7249,640.10144,641.0078,1699.6349,455.78433,609.8365,1579.63,1041.2207,679.0874,1749.2769,478.03522,648.62225,1635.1678,1078.9788,497.84012,1795.4668,283.1714,468.6577,1647.6576,1018.6244
frame_25.jpg,494.70645,287.45636,-448.61804,520.922,258.3597,-505.36298,528.92,257.85254,-505.40414,537.3757,257.07257,-505.48233,514.6597,260.5819,-429.64944,515.8586,261.28503,-429.55734,516.7323,262.24326,-429.55933,585.06934,279.60547,-592.0832,554.0792,283.36362,-227.08104,521.9938,325.87955,-469.65002,508.47104,328.06256,-364.25986,707.149,503.7482,-652.4585,520.47473,504.7388,50.464394,737.7504,777.64886,-609.59503,505.51392,742.41895,231.62833,649.1093,1012.5498,-653.8541,440.60046,937.83124,77.03214,643.27466,1082.3013,-735.62915,424.18137,995.83887,65.63934,601.1989,1070.6719,-779.69196,418.22916,995.26874,-42.684284,599.6211,1046.4333,-665.86316,440.70068,983.3662,28.835733,648.899,989.53033,-221.00607,546.23724,979.3095,221.46121,659.1802,1309.3374,52.971004,549.3314,1257.2196,589.6965,656.4182,1612.0212,408.04773,573.6494,1493.2233,1021.27954,686.15076,1656.2659,429.02994,611.6079,1550.335,1060.0208,532.86505,1716.538,240.32089,418.14685,1545.3196,994.86694
frame_26.jpg,525.6513,291.24344,-632.9077,553.2359,266.56998,-656.31586,562.2789,267.0369,-656.3863,571.84235,267.16272,-656.4948,539.9123,267.4808,-592.04376,537.2432,267.93848,-591.9029,534.3142,268.6583,-592.12164,612.1008,293.5027,-640.3234,560.74664,291.9674,-322.0556,551.70166,330.54858,-620.01166,528.11145,330.4917,-527.829,719.6484,521.2209,-656.3177,511.86703,520.2243,-48.593098,757.5798,784.73785,-597.4903,494.7091,753.3809,146.47717,689.84143,1029.4171,-665.572,427.74713,961.64923,-86.705284,687.98126,1101.1,-745.03284,411.21063,1022.745,-124.27759,644.7075,1094.0917,-814.0379,404.0886,1027.4237,-242.95474,638.1965,1064.6053,-685.5255,430.2901,1013.5344,-141.06032,649.2998,991.4985,-197.13385,539.8527,986.8981,197.63435,683.56445,1295.924,71.19847,542.9605,1268.1414,618.46216,686.74243,1582.4019,506.76486,564.1962,1498.6565,1171.5161,713.16565,1617.8556,536.2596,599.0084,1548.2566,1217.3408,589.1124,1701.064,317.1392,427.95676,1565.9176,1086.7058
frame_27.jpg,489.20532,326.6295,-442.1921,515.03485,300.86176,-448.8732,526.35443,300.73856,-448.82254,538.1526,300.2988,-448.8994,492.91202,302.67673,-396.14206,486.14072,303.18677,-396.1182,479.20193,303.93735,-396.29565,577.49225,321.40286,-392.8911,498.6362,322.70056,-129.92747,521.08295,361.67685,-415.51846,487.47833,362.91614,-339.14093,694.0418,524.311,-397.84677,452.8246,525.72046,54.584415,738.3091,770.001,-358.0687,431.84634,747.57874,206.69234,700.3634,1001.1881,-394.71744,377.395,946.8805,-40.746254,708.1205,1075.9484,-452.2226,358.3085,1013.5723,-84.135254,664.37274,1070.6974,-517.31464,366.0423,1015.3134,-189.65474,651.048,1040.5605,-411.7142,393.76865,998.1312,-89.10447,616.56537,981.9256,-146.2183,486.344,976.5716,146.54626,644.4168,1288.3823,-19.560438,481.9969,1260.1063,361.3616,668.2694,1554.9374,298.55627,511.9787,1496.1407,785.97473,690.15295,1585.3912,320.1364,552.6443,1544.6982,818.11487,595.3451,1679.8721,114.37128,376.78143,1576.3848,671.9449
frame_28.jpg,472.419,335.76953,-712.244,498.38376,314.2297,-693.3381,510.1759,314.64734,-693.48615,522.45966,314.76562,-693.7007,472.35052,315.4526,-638.7952,464.29047,316.14282,-638.52026,456.1082,317.1469,-638.45544,559.20557,340.89685,-536.3547,470.15973,340.63104,-257.5778,503.56656,372.8544,-653.78284,465.91788,373.38123,-573.0996,670.4759,556.2451,-477.67905,413.7897,548.9831,9.521653,714.3952,794.01556,-435.14258,394.83667,771.453,192.4907,701.7203,1011.83325,-610.4806,344.75098,975.33746,-156.69366,711.5955,1078.6326,-695.28125,332.79214,1040.7761,-214.87933,678.2301,1082.6716,-771.688,332.11847,1046.2854,-345.6068,661.4726,1055.9702,-636.3358,357.73953,1028.4747,-218.93788,586.6377,999.5296,-153.38669,447.28897,994.0109,154.07118,628.3765,1289.5841,-15.813684,458.51385,1285.0095,499.45963,659.046,1552.7194,488.56088,490.78168,1520.6875,1146.2306,673.5353,1579.1583,523.07715,525.9515,1561.9944,1196.478,615.4445,1684.004,211.74577,382.35428,1616.4277,942.68634
frame_29.jpg,520.8246,338.67816,-570.26953,538.8359,315.47723,-528.6271,551.1665,315.08115,-528.7824,563.90546,314.3889,-528.9257,506.36685,318.59045,-516.2583,494.61038,319.92978,-516.03345,482.80774,321.5075,-516.08105,588.1496,338.42194,-314.0305,476.19098,346.02808,-229.55936,549.49756,373.6207,-491.43497,503.988,376.92667,-466.4825,692.7305,540.5987,-243.95894,416.68576,538.86053,-53.192875,737.8797,773.1925,-166.9002,403.10614,762.44824,71.79573,739.721,984.55023,-294.88596,365.35965,963.1159,-139.99548,751.96246,1050.3557,-337.3697,350.71655,1027.3359,-154.69379,723.1447,1051.6777,-415.93225,355.61368,1033.4219,-272.31085,704.22186,1027.0868,-318.05457,382.52347,1016.2958,-188.66603,623.78973,976.5994,-59.169056,470.68423,971.16266,59.759182,649.16925,1265.7035,-12.124293,466.9193,1252.9047,162.06953,677.3949,1509.8888,350.9,509.6513,1499.4498,583.0032,675.47754,1536.609,370.0674,545.9598,1537.8506,609.3347,683.2079,1633.6102,97.563065,414.02945,1607.8844,372.9272
frame_3.jpg,536.10864,519.3876,-315.5135,542.9297,503.38498,-273.82578,551.2016,503.68842,-273.7915,559.81525,503.76794,-273.7185,517.45575,504.31818,-286.75772,507.1456,505.0335,-286.7259,496.8225,505.89328,-286.86273,563.3775,525.67706,-90.82872,477.86942,528.8188,-142.6759,550.73157,552.0304,-248.94215,515.5567,553.0278,-263.48492,634.96216,696.6609,-11.703186,406.0917,699.4744,-94.41511,677.7198,877.0141,58.35599,387.2383,892.3384,-83.396904,708.2794,1037.2167,-66.5213,392.1107,1071.0214,-158.43317,725.3713,1086.2438,-97.6552,381.368,1125.5383,-166.34583,711.0959,1091.0652,-158.90654,404.74774,1129.7764,-225.035,694.5366,1074.9911,-92.964294,420.9374,1109.5559,-179.67851,607.026,1050.9629,15.949922,474.04547,1056.6412,-15.701926,621.7567,1304.2872,72.7692,456.84662,1322.4163,-93.58668,626.21014,1516.776,283.70718,490.75064,1552.3127,177.05864,610.1611,1544.851,291.4519,513.51514,1577.3602,189.06438,675.79565,1613.2681,114.13724,448.7165,1664.8384,-8.586826
frame_30.jpg,558.7945,359.55002,-743.99677,575.15735,337.03622,-697.12476,586.4247,336.68832,-697.2422,598.0408,336.08716,-697.2309,544.28656,339.5644,-690.37616,533.1441,340.54498,-690.1588,521.9656,341.78094,-690.1985,619.3915,358.00204,-428.43478,513.7089,364.06958,-370.24292,584.6821,393.19263,-642.8302,542.76355,395.5456,-625.58356,722.94525,553.7066,-268.01886,443.5295,552.4152,-164.49986,768.4327,785.7696,-193.49342,429.79932,780.3066,-16.154142,774.781,975.02954,-437.99304,397.87512,976.9042,-230.63396,785.79315,1033.3948,-506.48163,382.35898,1037.9021,-249.27872,764.5582,1031.9508,-594.92334,390.9959,1043.0016,-376.20383,745.9197,1009.63025,-471.40915,417.10617,1023.4126,-281.3956,658.2584,975.8282,-36.97059,501.74335,970.8752,37.476177,684.134,1265.1968,34.91154,488.4875,1262.6853,82.69816,694.1695,1507.6403,492.879,532.34894,1514.764,579.16425,679.34845,1535.4414,520.7536,565.6959,1550.3229,612.8412,730.2446,1629.4803,230.36513,453.54227,1630.305,338.13348
frame_31.jpg,568.12225,339.9973,-265.56763,582.0652,321.85403,-223.40471,592.3998,322.9209,-223.33356,603.12946,323.70993,-223.2066,551.65704,320.92255,-229.96753,540.1309,320.93542,-230.07338,528.61053,321.10913,-230.30249,613.6788,348.34665,-51.509445,512.0818,344.5594,-71.078705,586.3768,378.79852,-204.59082,545.7575,377.12375,-209.66966,696.9419,544.404,-9.074634,423.44543,538.10236,-50.315414,740.2633,762.9537,40.490143,405.81277,773.3712,-50.52562,765.44,954.13245,-49.41883,399.28204,973.8832,-129.52844,784.88226,1012.4851,-73.01761,386.00928,1032.9489,-129.48232,763.0687,1018.6866,-135.66034,405.33957,1040.1304,-202.05954,743.8401,998.0104,-73.23024,427.36182,1019.8425,-156.11853,647.0869,953.02356,11.524677,489.52332,951.8152,-11.37477,668.8804,1248.631,27.323809,484.24268,1249.2273,-55.332737,681.4463,1493.7053,205.08002,519.08826,1511.7174,198.7548,665.0808,1523.8726,210.0997,546.4552,1546.1852,207.85301,728.1116,1605.3893,20.555079,459.522,1628.5222,3.0812452
frame_32.jpg,580.933,329.11526,-396.1987,591.73785,308.5271,-346.06424,602.3029,308.72394,-346.02603,613.2482,308.65482,-345.9204,560.38306,309.8803,-358.23697,548.04065,310.73804,-358.20398,535.6739,311.79193,-358.4191,622.54846,334.63107,-128.53055,516.6489,338.80228,-173.04248,601.2541,368.2315,-318.26004,558.16864,369.73972,-330.54874,711.88226,543.4502,-28.066082,428.81244,544.05475,-122.7247,749.5525,769.5046,54.98162,404.38773,783.8129,-103.92306,783.27765,963.5992,-115.232864,406.0196,1000.8829,-203.89462,803.2463,1022.8219,-164.98506,391.34384,1065.6499,-219.50346,786.91064,1026.1421,-243.25383,419.9628,1070.7009,-299.9139,766.5266,1005.796,-150.02718,441.46994,1047.1846,-234.34952,665.0294,975.53235,21.156494,500.95642,978.9186,-20.633186,677.9438,1266.7399,107.43162,470.08414,1287.353,-134.81172,674.0552,1506.8052,396.87088,506.63583,1556.6882,208.4912,653.307,1537.6674,409.1078,531.66376,1585.0685,224.43338,731.2113,1623.0,200.93753,463.6807,1692.4302,-18.987192
frame_33.jpg,606.21826,328.41803,-396.2952,615.4888,308.5749,-346.68073,625.24365,309.00983,-346.59518,635.38525,309.18118,-346.46362,585.9576,309.21545,-362.2083,573.9308,309.80524,-362.1883,561.88916,310.5941,-362.36362,640.5067,334.97504,-128.82774,540.7305,336.85822,-192.9692,623.2802,367.7433,-317.9603,582.59564,368.30167,-335.71857,719.7902,542.86743,-15.054059,447.9166,543.7603,-141.01549,755.96606,762.7032,86.21336,423.0357,784.2487,-133.60579,788.3173,953.88403,-102.21895,427.51978,1000.3844,-245.52383,807.6103,1013.2531,-157.43033,413.0165,1065.1979,-271.54782,789.31555,1016.08484,-237.73233,445.9805,1067.1278,-343.0749,769.4558,995.4338,-138.14511,465.94034,1042.4677,-272.26697,671.90405,969.4654,31.819454,513.59863,974.51636,-31.417088,684.38837,1257.6954,136.27391,475.4453,1282.4347,-195.02077,674.43097,1490.5957,442.75345,517.68414,1544.2959,172.84181,652.3261,1521.8846,457.27557,542.771,1570.2269,190.86884,737.9696,1604.347,267.6615,483.67392,1681.8751,-46.847206
frame_34.jpg,565.23706,313.26123,-456.41812,574.4871,293.08984,-399.20975,584.7299,293.7058,-399.1525,595.36835,294.07855,-399.09293,543.6456,293.45026,-417.34064,530.98157,293.99106,-417.28955,518.2868,294.74677,-417.448,600.2821,321.6655,-155.12424,495.69122,322.8439,-229.77452,583.1692,354.15228,-369.38318,540.08435,354.39233,-390.53015,682.08496,536.99396,-20.49366,402.92725,539.0234,-171.7899,716.2363,759.5994,101.54781,385.9672,786.28687,-152.46246,756.5238,952.3652,-131.93785,391.4242,1004.87317,-271.67285,777.47046,1012.6911,-192.70428,377.91293,1070.397,-300.21698,763.8219,1015.9725,-284.26785,410.01425,1071.8927,-377.68546,742.1413,995.73096,-174.22665,430.21176,1046.2201,-300.95486,639.99585,971.13007,33.95691,477.12177,976.56714,-33.331894,652.9622,1260.3383,165.63051,447.2765,1284.4268,-119.2552,645.60144,1495.5057,513.0746,484.33365,1536.7106,292.32468,623.70374,1525.6625,530.7459,506.75085,1560.4982,314.22455,706.41547,1616.3839,318.4062,455.0807,1678.0248,66.9045
frame_35.jpg,564.5259,331.8825,-445.61914,575.4594,309.41202,-396.93878,585.9508,309.8969,-396.87714,596.81995,310.1077,-396.75714,544.4273,309.66556,-411.50223,531.8109,309.9702,-411.42865,519.18,310.49933,-411.5453,603.5908,335.37656,-167.1223,497.8221,335.7292,-227.53848,582.76556,371.2572,-361.4706,539.679,371.2012,-378.22504,688.4004,540.5989,-40.08452,398.54114,543.6068,-153.58328,724.4046,766.87616,72.0185,374.004,791.0954,-126.46609,753.4495,958.7037,-146.82121,383.05994,1008.9794,-270.08542,772.4115,1019.8242,-215.71648,369.08688,1076.4681,-305.9071,753.751,1022.3443,-301.00278,405.49573,1076.1356,-387.73654,732.99097,1000.97485,-185.60704,425.89066,1050.113,-300.8788,635.40784,981.7685,30.701292,470.35745,988.916,-30.185404,645.28467,1267.262,181.78748,432.6435,1301.9694,-194.53096,634.665,1485.8661,552.3243,480.29852,1560.0947,214.6025,612.09595,1515.9069,573.3095,508.2169,1586.6091,236.65016,697.5046,1603.5017,386.96902,437.13663,1701.985,-2.3117306
frame_36.jpg,577.66895,339.05515,-546.1125,586.4091,315.25934,-500.24805,596.3764,315.48038,-500.15756,606.74023,315.43207,-499.9842,555.94086,315.7691,-518.2254,543.3482,315.9961,-518.2046,530.75287,316.42667,-518.3478,610.24805,337.6138,-262.5469,506.29242,339.19397,-335.43182,593.2432,376.4483,-457.7184,551.56726,376.64172,-478.06378,693.19196,537.44226,-126.248375,405.11575,543.9423,-245.72424,725.33405,766.7901,-29.72708,384.30237,799.0593,-218.44424,763.481,965.36957,-245.34811,389.87436,1017.74506,-335.7917,787.1903,1023.9234,-310.0358,376.24963,1081.9525,-361.11447,770.96356,1031.0483,-400.24716,406.63785,1084.9436,-449.18207,748.14087,1011.13324,-286.65314,428.57922,1059.9794,-367.7292,645.8609,980.0251,26.758974,483.36765,986.7461,-26.35335,651.28235,1272.6948,174.0435,450.7156,1302.3574,-86.71238,637.8374,1500.2207,525.8427,475.2277,1571.4509,265.20984,617.87994,1527.6995,543.7684,499.95535,1601.77,280.1559,683.6946,1621.2728,337.0393,423.35538,1707.9386,20.185877
frame_37.jpg,606.88043,329.31323,-519.40405,616.0001,305.64267,-472.41528,626.6193,305.60413,-472.28806,637.6665,305.3306,-472.05377,584.4134,307.09802,-489.89392,571.46686,307.85403,-489.9211,558.50964,308.8159,-490.19925,643.8322,330.19528,-232.63612,536.23676,334.88336,-306.24643,625.7731,367.97763,-430.51147,581.8604,369.69977,-451.0292,722.91113,538.02057,-65.18646,445.83783,542.9916,-243.99393,761.81757,759.39294,61.55689,424.23904,794.538,-230.84618,817.97327,956.0802,-176.55467,423.62128,1018.2852,-341.5537,845.3289,1017.3221,-237.48355,406.08768,1084.7062,-367.01874,828.51483,1021.4392,-332.77515,439.6551,1088.3506,-450.6732,803.8752,1002.0907,-220.83481,462.35394,1063.8499,-371.13104,668.98,985.66565,47.626804,509.1634,985.9701,-47.050793,668.7693,1280.6173,186.10602,466.13104,1297.1141,-142.28716,631.0336,1520.5781,510.36258,472.96967,1570.8416,205.72919,602.1093,1552.6383,525.2823,489.5914,1600.404,220.36424,697.45764,1638.9279,328.1,441.56555,1712.1989,-40.377487
frame_38.jpg,483.08878,320.40665,-585.21857,493.54413,293.70816,-526.7444,506.05222,292.95618,-526.6488,518.9182,291.9651,-526.2718,457.81207,297.5155,-539.73334,443.27408,299.18896,-539.8913,428.7334,301.1368,-540.3477,530.6379,320.11597,-253.35318,407.9278,331.9041,-307.56693,509.63828,361.64453,-485.5595,458.1604,366.32303,-499.3606,636.48926,546.4749,-116.57838,316.28214,558.3348,-199.54369,688.72064,795.73425,18.27367,280.44492,825.27124,-158.77075,741.87946,1006.0084,-195.50272,283.5656,1074.6467,-330.69476,769.6792,1072.2112,-269.62735,267.77292,1157.6223,-370.77988,749.84283,1076.4769,-369.68982,309.31955,1155.8573,-472.56567,723.2712,1052.5492,-239.42072,330.88852,1123.612,-369.17667,577.2797,1040.62,15.982953,398.30566,1050.3472,-14.5994425,622.7315,1333.1034,334.84976,354.41827,1402.3488,-179.64925,605.9027,1499.3253,1054.2393,389.0988,1713.2404,184.5374,583.76495,1518.742,1115.9791,423.48312,1752.1901,200.08669,662.1576,1625.1921,1032.0299,314.5607,1866.7954,-81.59208
frame_4.jpg,508.61536,500.21198,-282.55368,516.15564,483.05762,-238.33743,524.43243,483.30258,-238.33151,533.06366,483.33917,-238.3098,490.14148,483.95416,-253.1139,479.76437,484.52316,-253.14142,469.36853,485.24368,-253.29071,536.1333,504.2588,-48.330685,450.0406,506.88452,-109.820076,522.8372,533.3517,-212.93619,487.99158,534.1653,-230.41406,605.62805,682.9826,43.498764,371.9339,686.6291,-73.030106,644.9819,871.6955,122.303925,356.64185,898.3073,-65.044266,692.9824,1028.0438,-37.42774,374.95743,1079.7402,-140.45906,714.0469,1076.2411,-72.78741,367.7336,1136.3809,-154.7507,705.0026,1078.7737,-145.43208,395.26312,1135.9946,-210.06487,686.3689,1063.2941,-70.08181,409.43698,1113.8646,-160.32335,575.5841,1054.5588,25.074938,438.39722,1060.0903,-24.688066,598.3835,1324.9343,90.3554,434.37845,1345.3873,-82.794136,609.09924,1551.0848,321.89813,464.6898,1599.1743,153.1824,591.6248,1581.044,331.67346,486.07877,1627.4066,159.62234,668.7718,1648.119,153.0104,430.65707,1714.4258,-60.873413
frame_5.jpg,533.11035,472.74966,-520.17334,533.69183,455.012,-476.87177,539.5961,455.12238,-476.79358,545.9154,455.00537,-476.68854,511.92673,456.33054,-506.63388,502.04666,457.01633,-506.56702,492.1364,457.8976,-506.68335,539.96405,474.53882,-240.85098,467.36246,478.6623,-376.36813,541.4488,504.92404,-432.4195,512.1948,506.21594,-471.57193,610.0793,663.3044,-53.932602,383.06876,667.6619,-315.67258,647.67896,858.71204,99.8403,371.53674,885.59845,-307.3995,696.86127,1020.8556,-172.9764,394.1004,1080.3727,-422.5635,718.5095,1072.1539,-234.59038,385.5696,1138.8722,-467.14096,706.07916,1073.0487,-326.71042,415.54504,1137.7434,-530.36066,685.8938,1055.6053,-215.16443,429.72278,1113.798,-445.173,584.87854,1050.511,79.19631,448.50214,1055.3326,-78.62919,611.6387,1318.6394,229.1022,444.70743,1343.0717,-117.711876,603.834,1549.4226,525.2593,462.074,1603.1307,165.36061,581.03326,1584.4563,537.68665,470.14023,1630.6719,172.09587,680.06934,1641.193,334.42267,470.66888,1723.9835,-106.33054
frame_6.jpg,535.7307,428.50497,-520.9576,528.85144,408.98123,-466.9113,534.6711,408.47418,-466.90237,540.97766,407.72003,-466.92947,505.6091,412.24353,-510.90732,494.08835,413.92313,-510.80057,482.5478,415.83408,-510.86432,526.5783,428.40793,-195.16777,448.56805,440.0813,-399.32614,543.24304,461.9093,-421.27713,511.1902,466.2457,-479.9051,592.1553,631.9835,40.647644,367.28708,640.6664,-368.2724,634.2193,842.2849,222.03566,356.35416,879.6882,-381.96683,690.43567,1016.7376,-42.795853,397.18823,1083.6046,-497.12207,709.9843,1071.0308,-92.83006,390.55087,1143.6176,-550.3394,699.68207,1069.112,-190.90472,423.02158,1139.5061,-593.42505,678.6112,1050.3588,-87.372154,435.85724,1113.5759,-510.22104,571.7605,1039.5438,149.56082,443.70285,1047.8086,-148.52914,602.99255,1310.3918,466.18085,438.19742,1348.9396,-204.25764,579.5283,1553.931,876.316,448.46414,1634.2145,76.76237,548.3943,1595.9758,899.54694,438.85788,1669.1243,84.62422,681.02673,1636.9022,730.9633,506.403,1748.6671,-195.35753
frame_7.jpg,569.36035,410.12897,-557.6681,561.05426,387.7837,-496.15054,567.11127,387.35065,-496.02914,573.6948,386.6559,-495.99274,537.42645,389.98203,-548.8781,525.07025,390.98895,-548.7035,512.7047,392.25214,-548.8088,554.2098,407.1618,-196.61887,473.4489,416.65942,-439.14545,574.366,444.713,-448.5348,539.76465,448.0069,-518.68634,607.37213,613.4972,79.522354,383.0852,630.2384,-463.4568,639.41974,838.54205,262.06528,379.52985,896.608,-498.3756,706.66187,1021.67084,-42.867645,452.3166,1108.3241,-603.3257,731.7058,1079.7394,-94.81759,451.87247,1173.132,-669.22186,722.6023,1077.4745,-202.03732,495.7178,1160.2938,-698.0319,699.3898,1060.2769,-92.93887,502.08432,1133.6593,-607.9947,604.0186,1050.9312,190.11592,476.04312,1069.7169,-188.9621,624.101,1339.2537,508.1723,478.63943,1396.0048,-203.53583,606.2191,1599.6969,885.77637,481.30704,1702.7797,52.20925,572.2581,1647.3679,905.42224,458.82547,1743.9503,56.46344,731.50226,1683.3317,733.9162,575.7728,1823.5356,-231.69115
frame_8.jpg,615.97437,354.60153,-639.0881,606.2649,329.89954,-580.1156,610.4726,329.82578,-580.03656,615.21094,329.5153,-579.8995,587.574,330.99362,-645.3376,576.6252,331.45282,-645.1816,565.69745,332.1963,-645.26666,593.34875,349.4367,-272.50952,527.9568,354.38815,-572.63354,617.0613,388.8718,-525.6109,588.4836,390.7397,-612.65564,634.03546,557.8923,52.177105,431.49625,574.3483,-650.11804,660.9886,800.0179,258.28275,448.99136,863.9489,-698.9778,721.6993,993.36365,-62.293495,536.3587,1080.1666,-815.1209,745.49927,1052.264,-108.93689,540.622,1147.0114,-910.66833,737.8861,1050.0549,-230.17574,584.14905,1129.9663,-936.9136,714.9243,1032.2775,-118.35952,588.0874,1103.6525,-820.93146,628.2833,1018.2567,235.21375,513.12537,1038.0386,-233.87535,651.3301,1306.2968,628.35547,533.6995,1382.5012,-144.62642,630.99713,1570.4456,1084.0781,530.82935,1684.8802,166.7071,597.38226,1620.4811,1110.8322,501.2719,1727.2064,176.1746,758.1071,1651.44,928.4056,646.92236,1801.8373,-148.84575
frame_9.jpg,654.3895,348.53278,-447.8031,642.75146,318.72928,-415.77582,645.9115,319.22675,-415.50766,649.63763,319.51297,-415.5082,628.1035,317.6932,-482.70947,617.99036,317.07257,-482.7144,607.81976,316.68005,-482.86655,623.47296,339.36127,-206.35248,567.04553,338.35995,-503.66785,651.12756,385.561,-363.14627,624.961,384.17175,-449.48563,638.4471,544.54376,43.513905,465.35858,555.32117,-608.5054,655.0729,795.46606,206.63937,483.4703,858.4479,-647.8698,718.12494,991.10754,20.905302,603.6337,1074.8259,-613.0631,738.65216,1050.3284,-6.0370765,614.49225,1143.7299,-673.9551,738.57806,1045.9133,-94.86061,657.9896,1124.7223,-684.9509,719.7995,1029.7609,-22.935596,654.975,1101.1881,-610.0616,641.05133,1019.11597,216.79128,543.19806,1040.3044,-215.72008,661.6404,1297.1936,471.49442,569.0235,1377.0222,-91.22763,625.23865,1552.6538,792.4761,564.4652,1681.004,128.01738,585.7426,1599.0813,810.4867,524.00165,1725.8516,133.3339,755.4741,1641.3655,681.8691,708.01434,1798.4143,-111.32511
