frame_0.jpg,474.4032,607.0774,-653.4115,483.0546,593.3691,-622.8134,489.0822,593.4779,-622.59265,495.42712,593.4215,-622.25256,464.99854,594.2595,-621.11993,458.25333,594.5914,-621.29065,451.51468,595.12103,-621.8649,502.76215,606.3551,-403.7468,442.0739,608.1724,-396.18515,486.0373,627.13165,-571.5039,461.15607,627.7151,-567.4229,552.49365,700.2721,-261.19907,391.29205,690.3075,-216.42775,688.1125,707.6271,-258.82135,278.11353,684.90955,-173.59883,812.61096,711.9198,-471.9128,177.04112,681.57416,-381.46326,850.1664,711.55554,-519.1153,149.4591,684.2446,-437.79654,851.88184,703.8153,-599.4743,152.53853,672.6127,-508.64838,838.67303,706.59436,-515.55023,163.69167,674.6567,-421.7122,513.4284,959.95374,-1.7972276,417.3665,955.39417,2.3567555,565.7984,1115.7983,119.78699,363.45706,1114.8589,86.65574,607.8291,1254.7529,540.5149,323.41125,1267.5575,425.6225,604.57465,1276.9269,569.92505,331.79776,1294.6975,446.2128,627.84326,1308.0964,346.05087,273.46777,1315.1823,207.73369
frame_1.jpg,494.87796,624.7453,-482.87192,505.25574,614.4733,-438.9095,511.35385,615.4207,-438.77283,517.8011,616.2007,-438.5424,485.75958,613.5979,-447.7839,478.69455,613.5544,-447.91684,471.64746,613.70123,-448.56317,524.5258,631.6303,-199.8542,460.2869,627.8022,-239.23244,505.54047,647.5895,-395.52063,480.13727,646.04785,-405.92392,572.9948,721.3962,-95.11187,401.5435,718.9555,-112.71334,701.05505,725.5909,-106.71335,279.22137,712.28955,-150.41782,800.3478,735.8452,-423.23584,165.91782,703.15015,-381.87842,830.8324,745.90625,-498.87537,132.9223,705.9214,-457.66806,821.9368,733.54865,-571.56134,142.2381,690.9934,-514.8638,811.5264,733.52966,-466.29993,154.00662,692.6414,-419.38705,545.795,990.4183,14.850936,441.76535,988.3395,-14.108626,602.4168,1153.8788,78.247696,384.10303,1154.1681,56.038868,634.60156,1301.198,448.91373,333.37772,1312.9257,386.11285,625.5972,1326.7872,473.2298,342.72534,1341.331,403.76462,667.20557,1353.1431,240.35074,282.25882,1364.4891,146.40515
frame_11.jpg,600.0304,667.8785,103.05566,584.22534,647.3869,124.43099,579.88666,646.9253,124.65534,575.71027,646.33295,124.55128,586.0077,647.93384,48.97966,583.1064,647.22784,49.20484,580.15533,646.75977,49.023407,545.2248,651.77985,233.82939,551.6093,653.63055,-109.6253,584.9807,687.4846,150.06128,586.9101,687.97955,52.722786,487.50198,755.4105,389.79782,536.163,745.14496,-312.5098,498.9497,857.364,645.3292,602.0487,837.7263,-445.33188,543.843,829.53503,726.6522,619.6824,783.445,-232.10487,552.4312,822.371,746.965,618.66785,772.02795,-233.97766,556.8092,812.1843,715.8707,610.6673,769.0805,-239.43236,556.072,814.64075,711.44495,604.46216,772.56165,-223.49084,500.2816,1052.4093,228.4894,517.5145,1061.5731,-228.62753,517.76587,1269.0375,340.12122,537.892,1300.6415,-305.5418,495.49478,1479.6855,532.86584,497.0467,1546.7413,-449.30933,467.4424,1515.2705,545.46405,460.35446,1584.7277,-470.2924,585.532,1529.8186,484.40738,602.2946,1611.2096,-621.9159
frame_12.jpg,587.78253,643.21924,223.19244,571.4734,618.91504,218.84581,565.4429,618.355,219.21318,559.471,617.78815,219.32603,580.20135,620.61633,152.40854,580.12756,620.47906,152.51361,580.05475,620.699,152.24553,528.5895,624.60156,216.5282,558.9128,627.9249,-92.39398,571.9114,664.3682,234.98607,580.67834,665.679,148.76198,446.50778,731.7449,332.51678,569.01025,734.7405,-277.0804,464.02475,812.52594,660.0471,672.70135,814.37164,-226.40308,577.9848,786.7319,971.30963,719.1257,743.65356,105.10485,602.7152,781.1877,1039.5931,734.51184,730.51514,120.151695,603.34125,772.02856,1005.9238,723.97363,720.6137,125.60669,599.62256,775.3438,970.06775,714.3941,726.5523,123.15302,467.36005,1049.9105,213.53922,529.2017,1062.3479,-213.24594,486.06815,1220.9672,649.74115,558.5089,1297.5824,-262.1176,449.67303,1406.641,1124.8832,533.40344,1550.788,-379.9775,423.76602,1443.1581,1172.2732,506.10568,1595.8524,-398.939,513.7773,1431.6519,1234.4193,612.48785,1589.0076,-475.71188
frame_13.jpg,580.04895,626.34283,208.5912,567.1991,602.8915,184.97867,560.358,601.6781,185.35222,553.63416,600.529,185.40224,581.79254,605.82983,135.43358,585.3859,605.89496,135.51273,588.90674,606.2895,135.22807,534.26715,607.7574,131.3931,581.2334,616.40875,-94.76364,568.9748,643.50336,195.41438,582.2548,645.27094,133.85213,468.35074,706.7387,261.5513,597.6494,716.7378,-368.62415,446.8302,761.58636,667.5534,666.46606,782.99207,-847.72986,540.48883,755.76483,1048.8021,745.49963,724.10516,-1252.4491,561.5409,756.5972,1091.0499,765.8748,722.2865,-1313.2445,561.7677,752.61255,1062.9354,756.10046,710.7867,-1310.6304,560.01184,752.9212,1047.6313,745.7825,711.39166,-1252.9304,478.32443,1045.1995,226.76077,555.7018,1056.4717,-226.64368,490.5201,1210.795,716.6397,622.2343,1285.8491,-265.69882,435.27557,1398.4323,1159.8461,607.1526,1547.2423,-431.5192,405.04086,1431.6873,1206.0659,577.3378,1594.5374,-458.79974,512.4461,1438.4602,1259.763,709.64655,1592.0082,-566.6167
frame_14.jpg,562.1207,596.5398,285.32626,548.3226,573.10535,248.72182,541.2497,572.65674,249.20934,534.269,572.19214,249.42087,565.40314,574.89124,210.27058,570.4639,574.8545,209.9958,575.3455,575.1033,209.19408,518.4829,583.36536,128.43854,574.27435,587.48737,-47.518112,554.8516,618.09204,246.1684,570.63464,618.6829,199.21474,438.8834,705.135,164.02335,622.25006,708.0216,-281.80948,311.07578,772.0723,483.46252,752.8033,778.8719,-522.5059,322.47998,740.72565,962.4405,889.57825,715.8861,-839.03,317.41714,740.5502,1024.1925,929.0293,715.23816,-891.1201,326.32834,728.767,1022.5015,927.8336,696.9762,-881.9742,335.3449,728.7158,974.0653,910.41266,697.99097,-835.6314,468.30103,1037.1953,194.46083,561.8318,1046.3633,-194.15878,451.5359,1235.0535,649.3714,637.2303,1286.6545,-221.56006,415.10117,1424.6962,1068.3693,639.98486,1565.9276,-429.47552,391.26526,1457.1387,1110.6348,612.6085,1618.7632,-458.84433,482.50995,1455.7689,1137.1444,748.8415,1598.6289,-561.6647
frame_15.jpg,572.4298,571.7417,289.0017,560.8976,548.7244,219.23926,553.0918,548.36475,219.5614,545.50604,548.04877,219.44962,582.13153,550.6754,199.49036,588.9885,550.87775,199.7567,595.6387,551.456,199.5702,533.28644,563.12836,26.708433,601.88635,566.3802,-71.19632,563.9564,593.36035,233.24683,583.1634,594.3878,208.11778,437.19675,680.11646,61.05194,662.629,688.80835,-201.26282,312.60168,741.0383,382.772,698.26984,769.61957,-197.57587,328.83813,700.45355,799.74603,694.72845,672.70215,-205.27516,322.5646,695.48346,859.80927,700.5293,654.2292,-206.76831,338.68628,688.76904,854.8474,689.5126,643.9881,-198.47029,348.6074,690.60944,807.1656,684.5835,652.03516,-199.75049,472.85675,1048.1155,155.19504,597.2563,1055.2462,-154.17152,449.24646,1232.9529,638.9821,676.7143,1290.4635,-104.11773,410.8256,1423.7764,970.1209,707.86395,1556.425,-288.85593,394.76007,1458.2872,1007.8071,688.45233,1604.1511,-310.96844,460.7518,1444.9908,1103.6414,799.4101,1587.9662,-347.7097
frame_16.jpg,575.59326,542.90204,315.257,565.155,521.6665,258.86658,558.32135,521.8644,259.5047,551.57074,522.02,259.9837,584.91376,523.5722,236.10397,591.7965,524.2218,235.57462,598.42773,525.2701,234.51485,543.05554,542.09204,78.03973,606.7013,545.7899,-30.151274,572.6697,569.2823,256.99493,590.2212,570.05695,228.33551,451.18536,674.4996,101.55894,678.03864,690.1925,-268.9046,310.90707,701.2288,347.58026,838.5599,726.0041,-341.94797,336.10318,674.9081,792.24133,991.5202,665.3926,-409.54608,325.9686,672.2286,859.81836,1038.6276,662.52545,-437.9399,344.30603,663.2385,850.2171,1031.9209,644.405,-409.9015,354.22488,664.43665,799.51227,1010.5119,646.25323,-393.36844,491.67575,1050.2195,183.82826,615.80054,1066.0579,-182.90854,459.60126,1268.0963,617.39966,715.34863,1311.0829,-89.752975,403.3375,1471.254,962.82214,762.29913,1576.5665,-155.09062,383.88916,1511.0662,1001.34576,741.55194,1626.3406,-167.45262,452.16043,1481.047,1072.1244,862.6715,1600.302,-203.04561
frame_17.jpg,539.99,542.11426,390.12354,528.4992,523.96814,325.64432,520.4461,524.1411,326.1762,512.5148,524.2014,326.44827,551.7536,526.29913,307.7634,559.947,527.27185,307.41492,567.9077,528.61914,306.59656,504.48547,546.9177,102.49053,579.79364,552.4326,22.273373,535.48114,566.81445,319.40054,556.4619,568.3085,297.42776,414.23752,679.01154,84.99321,662.94507,694.77594,-184.72351,279.16513,718.86707,371.4518,832.6714,736.0518,-141.21251,293.2462,684.0463,854.2449,994.4903,677.2162,-92.58331,277.2092,677.2164,929.6572,1048.0308,674.92,-114.637,302.12326,666.283,920.38055,1036.708,651.7922,-86.91326,315.05765,668.37964,861.374,1012.55817,653.0032,-74.56959,467.09793,1070.3687,130.35088,607.85834,1083.8821,-129.34431,404.38272,1300.0725,392.5731,694.03357,1332.2018,76.714355,348.18692,1523.0253,528.8817,752.9654,1588.0863,-5.8107443,339.71783,1565.6936,547.21375,739.5716,1634.9993,-13.466239,352.07425,1529.6705,582.30884,825.374,1609.313,-18.501905
frame_18.jpg,538.42413,615.1856,378.07468,526.08136,598.0238,314.43533,518.893,598.1134,314.82132,511.84814,598.12225,315.01865,546.8004,599.4621,302.523,554.3983,599.9962,302.3463,561.8202,600.8433,301.71616,503.9707,617.5917,95.32447,572.92834,621.0107,41.08875,535.0623,639.0071,310.33063,554.751,639.92285,295.3685,424.56964,744.1958,80.57088,667.5698,750.91974,-155.86882,301.35376,798.16656,402.81015,846.4941,772.55505,-141.1151,328.55814,779.24695,921.68414,1010.42615,722.53735,-104.54779,320.03296,777.37476,996.0179,1062.4584,721.89667,-133.77101,340.07776,767.95795,980.1352,1056.9291,701.1644,-107.401184,351.05103,768.56244,927.8841,1032.4967,702.7953,-87.440285,483.80786,1133.7086,95.01263,616.3962,1147.403,-94.383575,408.3481,1379.4475,213.3869,710.58704,1392.0867,43.46346,346.37387,1620.8608,257.29715,775.6462,1654.2891,-48.478344,343.4918,1669.4241,264.13785,764.9065,1705.0726,-57.387897,328.51746,1619.5007,256.90723,848.2816,1671.4589,-77.69475
frame_19.jpg,601.1981,599.80585,350.0784,591.3819,583.8707,287.76117,584.38995,584.37134,288.22336,577.4413,584.69006,288.77744,611.2483,585.1618,275.99182,618.1514,585.63837,275.35727,624.77783,586.4569,274.03046,571.5476,605.0304,86.132904,636.1285,606.17004,40.939896,598.24866,622.9593,287.47598,616.49243,623.417,274.77548,490.8894,727.97845,26.656147,724.5071,733.94806,-89.02357,339.90305,766.4751,187.87999,901.63214,754.2381,-10.401298,288.82687,750.89984,531.42377,1056.1487,710.68634,69.22143,262.50693,745.56116,583.6765,1100.6616,708.485,41.800232,281.4579,737.4897,572.1949,1097.7388,688.71967,69.28768,299.69888,738.2377,536.04175,1076.5449,690.70325,85.5409,545.61725,1113.8552,45.60706,677.7584,1116.9572,-45.442142,464.2054,1353.9131,169.74092,749.6229,1341.8458,216.4984,391.96112,1593.2574,291.5181,817.19214,1582.6171,323.24487,393.88773,1641.5151,305.67877,812.9294,1628.9122,331.8515,348.24344,1588.6176,258.6026,854.81,1599.1213,312.03287
frame_2.jpg,514.97754,631.7306,-459.0098,521.37335,624.6169,-418.93494,526.8231,625.42865,-418.80972,532.56726,626.02295,-418.6374,503.26514,624.3415,-432.72308,496.63705,624.6856,-432.7881,490.072,625.3039,-433.1676,535.9924,641.15076,-211.08311,477.6862,640.48944,-280.1653,524.50824,654.9771,-383.15112,501.8587,654.5826,-401.46347,588.2852,737.13025,-78.83478,421.60648,737.45844,-189.06447,699.2444,742.99713,116.75563,309.1103,741.9611,-264.46133,799.6023,747.58984,180.31558,181.77452,733.2906,-407.74796,827.57684,749.75165,208.82973,143.22127,736.8115,-432.29996,829.7834,740.8877,143.77345,143.90201,720.80853,-481.7468,819.683,741.7082,155.20364,158.71004,721.9906,-435.88242,559.26245,996.4617,50.870846,458.2298,995.6747,-50.203197,603.9864,1161.47,193.53073,392.34387,1167.767,-31.326452,640.2481,1315.2847,491.13992,347.00787,1342.9971,165.26793,631.88293,1346.7693,509.27005,355.3977,1371.3373,170.12796,685.0383,1360.9434,340.54507,307.1185,1404.2555,-54.823757
frame_20.jpg,601.2307,581.30133,266.89807,594.358,566.248,205.25317,588.0219,565.6167,205.57051,581.9192,564.8666,205.88834,612.1928,570.56396,199.35498,618.57605,572.0585,199.24423,624.7832,573.93896,198.52559,578.2658,582.0677,23.645905,636.4662,592.4152,5.7658434,597.5662,601.9799,212.51219,614.80566,605.6942,207.68683,500.98016,691.21027,-18.93293,713.577,719.9419,-70.06898,348.65253,726.424,156.74243,865.9678,757.7705,140.63579,287.11792,701.72687,513.1923,1003.48444,727.3001,386.20987,259.05286,697.99243,565.6019,1042.3053,730.3869,391.27298,277.30243,689.21606,554.088,1042.6959,712.8907,404.18735,295.37317,691.2591,517.26654,1022.71356,711.2537,400.11722,532.7534,1061.8503,17.694895,648.47327,1072.7212,-17.615423,450.08813,1293.6063,61.01477,698.02203,1271.9954,310.10687,367.3973,1523.8408,80.71331,748.475,1490.5532,463.0611,366.05603,1571.6375,84.16775,743.9684,1535.1406,477.26218,325.84372,1532.5906,11.373301,775.0415,1514.9047,457.87082
frame_21.jpg,620.7979,529.81537,293.9331,613.27106,513.0537,223.95866,606.37134,512.0219,224.22876,599.755,510.6869,224.50636,633.2408,518.0736,225.33414,640.28546,519.8188,225.28984,647.06866,521.95636,224.79689,596.60004,525.92236,15.640302,658.41736,540.0243,44.77088,613.24475,546.73535,232.0478,632.8037,551.5686,240.56766,533.258,635.2873,-110.014046,736.66315,653.4102,6.10464,371.96854,675.1723,-116.86674,879.58386,701.106,242.49586,227.76915,665.3571,-119.447296,971.62933,669.7377,622.4214,186.72318,665.6611,-147.699,1002.9545,666.5368,651.17737,194.8156,650.1091,-155.01204,991.91675,651.07477,664.0034,214.47174,651.6526,-123.15551,974.1536,652.2438,636.73206,561.32184,989.18976,-41.783524,677.9717,996.45135,41.226055,492.8165,1206.0222,-36.102425,712.8497,1183.6733,467.71988,418.71664,1427.7748,-72.870255,747.0776,1383.1046,735.62054,422.58987,1471.3381,-72.67588,743.4507,1421.094,763.50446,367.64648,1440.2004,-119.04161,756.60785,1409.4478,752.8965
frame_22.jpg,592.92584,513.9738,290.11716,588.12756,496.41025,228.49608,582.3303,495.5102,228.72665,576.893,494.44995,228.90771,606.5649,500.5511,235.70009,613.4008,501.94427,235.74603,620.09534,503.73694,235.59029,576.5326,508.30273,23.678102,633.16254,520.70264,78.73542,586.47095,531.577,225.41377,603.58124,535.468,241.61015,528.82495,617.2411,-118.909134,701.2202,635.88245,43.204403,388.2343,660.2467,-204.41272,812.1749,687.16583,291.8554,265.11145,655.66815,-322.6031,873.8565,635.60864,675.2644,227.84894,660.42365,-368.30212,899.7361,625.4863,722.77747,235.70131,640.79486,-363.04904,883.5964,608.91595,715.9893,251.95801,640.4528,-327.51965,868.52356,611.92303,683.03815,548.56903,949.2581,-67.735954,645.4873,959.07904,67.264015,494.0316,1158.0175,-157.52661,668.0955,1125.377,508.927,423.88004,1382.0038,-205.92924,708.3565,1299.9292,824.4801,427.90494,1426.71,-210.79066,709.7773,1334.3344,857.5789,378.5654,1393.3251,-277.71088,707.9438,1325.1836,850.02167
frame_23.jpg,575.58765,491.2003,272.48544,573.7383,474.8168,208.76021,568.5044,474.07565,208.95653,563.69116,473.11063,208.91351,591.7333,478.5794,230.38911,598.8243,479.94785,230.60918,605.8754,481.75827,230.52399,566.67,487.065,-12.906889,622.28345,498.21375,101.772545,568.6665,509.9152,201.53009,585.6418,513.62524,235.18886,524.4356,599.42377,-164.84596,694.74316,612.1613,131.31876,407.02057,657.8926,-123.082855,765.2283,660.97095,520.99115,305.28317,653.733,-1.2197275,746.5094,604.8546,1107.046,275.05182,655.12915,-6.626503,754.4547,588.7183,1199.2753,279.53534,639.64685,2.5018857,734.1951,580.79083,1195.2146,294.5257,640.57117,2.419743,725.0467,589.02045,1119.4446,551.36816,924.6347,-116.22823,648.0455,936.0888,115.588066,503.0452,1128.4929,-146.62178,663.7138,1098.9679,614.9956,453.75677,1361.5006,-251.7933,698.3634,1272.0552,906.19434,462.5226,1408.5789,-264.92142,701.1493,1308.3824,938.23376,387.8213,1374.9658,-319.69464,678.36633,1291.8285,965.07996
frame_24.jpg,581.91296,459.381,260.0722,584.1885,441.66855,191.15826,580.09717,441.22818,191.51147,576.31323,440.63187,191.44592,600.76184,444.28564,227.97209,607.8671,445.22964,228.0794,615.00793,446.6147,227.9769,585.07495,455.09445,-48.004112,636.3612,462.40375,133.18489,578.69434,480.22778,182.51064,593.542,482.84146,235.56886,556.34753,573.72266,-242.52881,707.43976,581.38385,166.49025,476.18167,631.599,-315.62537,749.93774,640.77527,592.85864,390.07773,622.8484,-314.86874,726.95435,591.8366,1153.9316,367.30896,625.2013,-329.00195,733.80115,578.50464,1270.0819,368.1333,609.8634,-312.53333,712.3971,569.5309,1257.819,380.61673,610.1141,-299.72745,704.807,576.3136,1180.3019,574.77594,900.84564,-161.40991,660.26117,903.92755,160.48964,534.89417,1107.9847,-246.14276,656.8419,1073.1799,631.2975,503.5966,1340.5206,-307.12738,685.91077,1243.9534,948.29236,521.15765,1385.3954,-321.39822,696.18225,1281.628,985.8673,415.923,1358.5797,-405.08243,629.2173,1262.7975,998.09485
frame_26.jpg,444.61273,524.97656,-43.998623,458.98166,504.8917,-99.20232,462.265,505.20996,-99.2678,465.80142,505.4374,-99.44192,460.79303,502.57416,-27.630629,463.74197,501.19525,-27.679438,466.71045,500.09595,-27.543505,494.53018,515.0703,-217.67836,495.955,505.48486,108.749245,456.72757,548.3656,-79.49599,455.59976,545.2105,13.876674,533.3087,623.35486,-385.6583,522.88794,627.35297,326.96964,492.66144,701.7764,-699.6639,521.5802,752.90515,503.58075,463.46024,659.23895,-915.0848,491.67734,814.1301,521.3959,469.16156,641.7401,-999.0956,482.55002,830.90643,542.8456,468.9037,643.08057,-977.4515,477.8557,823.5912,504.0241,468.0586,651.23334,-916.18884,475.06897,818.56323,501.25815,520.57196,954.0164,-227.75667,513.45483,941.3332,228.30629,506.2286,1196.2296,-336.5766,507.50955,1158.6044,445.08096,492.36502,1444.4071,-459.45694,520.16,1339.1831,680.94714,515.9518,1487.8993,-480.53687,541.94214,1378.8163,699.8912,392.83344,1496.6,-663.4831,417.24774,1370.7987,596.2683
frame_27.jpg,391.74905,516.38306,-219.47809,409.5317,500.94812,-278.40195,413.69836,500.86932,-277.9522,418.12463,500.5731,-278.09616,407.7824,501.42123,-203.07536,410.583,502.01593,-203.08649,413.26764,502.8491,-202.92459,446.84918,515.5278,-364.41077,441.47833,516.2243,3.8981614,403.898,539.6755,-245.30737,401.2484,540.7411,-142.24121,477.91257,632.8779,-487.74548,467.99826,636.8207,275.4555,512.0053,694.7102,-992.21356,505.3049,718.60144,636.23395,544.60913,685.5823,-1437.51,543.14923,690.1877,958.2047,578.8058,676.86285,-1511.8518,566.4136,675.62634,1037.9989,571.765,677.74005,-1510.6562,550.1754,676.05786,1055.7904,557.6374,682.5833,-1450.4338,539.1257,684.1047,977.9606,462.7158,964.88696,-265.03787,454.80743,954.7252,265.84753,484.6205,1212.4106,-171.67279,442.42178,1166.9294,359.64655,508.0615,1443.4971,-119.84936,442.42593,1373.3053,535.8949,535.2285,1483.7542,-123.25604,460.54343,1415.0138,557.2276,421.93738,1503.629,-284.07513,347.0336,1409.1213,456.74503
frame_29.jpg,394.91577,519.6162,-324.1117,412.55573,502.30356,-325.9894,419.9212,502.34882,-325.9694,427.60037,502.3589,-326.21906,398.0657,502.34973,-277.53522,394.56375,502.1253,-277.62033,390.76477,502.20544,-277.40494,454.89227,513.002,-263.26932,406.5209,510.42905,-20.90416,412.86194,544.1955,-298.92535,394.17322,544.41925,-231.39873,510.68304,629.6251,-299.51605,398.19107,637.5747,233.92923,558.32434,648.91516,-756.27594,360.26953,697.22156,678.4842,559.7667,620.1185,-1163.3219,272.36258,675.42426,1043.5553,577.1745,613.4044,-1231.9153,250.0056,672.12445,1123.1624,571.98413,607.4588,-1235.8566,241.61469,659.89307,1101.2979,560.1825,609.6748,-1189.6212,244.4526,661.11395,1040.831,473.55298,962.19086,-192.5562,402.8267,959.161,192.55707,512.95197,1190.9274,-318.5254,403.87698,1159.7794,487.09396,548.8095,1437.8577,-418.14447,402.89993,1330.8115,873.4955,574.6662,1482.594,-439.26697,428.2712,1366.9691,905.316,480.575,1512.9546,-650.3765,299.602,1384.1166,787.6954
frame_3.jpg,525.9943,651.3862,-472.39197,530.1976,640.8862,-433.06717,534.7163,641.8702,-432.84308,539.6114,642.6471,-432.66223,513.2175,639.72986,-460.61108,506.32193,639.45386,-460.7153,499.45572,639.45996,-461.2017,536.9007,655.0861,-192.1626,482.59436,650.8285,-337.5875,531.7619,673.9609,-382.65186,510.60596,672.14813,-422.2919,575.735,746.61176,-1.4355571,418.8925,744.45605,-271.8541,691.3891,748.4952,234.77985,301.88303,750.64703,-385.3006,806.5262,749.13495,211.07901,171.56976,739.5231,-578.0645,839.0241,748.62787,228.3597,127.15116,735.1782,-629.4993,837.4197,741.16284,154.16113,131.85535,722.9751,-668.472,825.8845,743.779,179.02843,148.14278,726.5832,-602.85266,557.45496,1019.6403,129.56514,465.8634,1021.34595,-128.76476,598.4445,1186.9768,437.4247,403.9258,1206.6954,-181.29648,634.7419,1333.4065,848.2468,350.6059,1385.1727,-57.460224,625.4435,1364.5511,876.4266,346.80438,1410.8068,-61.31624,699.8635,1379.2339,710.58057,344.01392,1455.379,-319.03085
frame_30.jpg,447.6627,511.8346,-506.61295,464.3771,494.65747,-495.1553,472.88937,494.60574,-494.98154,481.76166,494.37634,-495.31848,444.52448,496.41815,-459.84076,438.68625,497.33484,-459.80988,432.68484,498.58783,-459.58643,505.0366,510.31317,-357.16226,439.1103,513.59515,-160.7421,467.313,539.5099,-459.12357,440.93484,541.8058,-403.72147,555.804,644.84216,-390.72522,416.55438,644.8415,150.13704,592.92706,690.47675,-875.7775,356.96814,677.852,726.15375,627.4021,639.82837,-1390.0444,251.5319,651.5364,1173.0316,654.82355,621.4223,-1460.0522,227.9655,641.28644,1263.3112,649.79767,614.1372,-1481.3699,219.98692,634.4633,1245.2537,633.62354,618.62744,-1419.0143,223.47256,642.74963,1171.65,513.2184,979.97577,-212.32997,426.74387,980.63,211.96184,562.51624,1214.6304,-326.51794,419.6211,1180.7336,578.5072,619.1333,1464.1085,-429.88354,412.49985,1359.8551,1023.31396,646.99097,1507.5544,-451.005,431.0422,1400.0968,1062.6187,551.45465,1533.9681,-679.8831,311.4794,1407.7482,948.3846
frame_31.jpg,485.82047,532.68384,-549.4908,503.49545,510.2686,-535.3502,512.5032,509.71515,-535.3577,521.8969,509.03058,-535.70636,482.9988,512.26636,-500.1654,476.35074,512.6961,-500.13422,469.53995,513.38873,-500.17355,546.5403,523.10406,-378.41034,476.25543,525.6594,-197.3467,508.1474,558.8502,-491.8422,478.88437,560.4286,-438.70303,618.2754,653.9406,-357.37732,423.91068,641.16876,-4.821428,700.33655,690.32007,-751.86206,325.1875,619.7501,-25.703478,680.90594,646.39594,-1259.2328,341.7813,613.9976,-264.0524,686.68146,633.703,-1374.1553,349.9824,617.68335,-329.4597,669.2989,630.9574,-1382.3638,368.5723,619.8811,-329.65073,664.5894,637.71106,-1277.2904,369.62213,623.9611,-274.44476,553.0078,994.2764,-155.54723,442.9061,993.49146,155.34018,611.11847,1233.9894,-221.6543,420.54935,1191.8577,452.46472,674.92596,1471.6783,-131.76709,395.12137,1376.0432,931.74646,688.98175,1508.1217,-138.7598,409.18317,1417.5793,969.84595,633.0368,1541.6494,-442.99457,304.7328,1416.2576,768.26306
frame_32.jpg,495.3771,539.36896,-595.441,517.52344,518.24005,-579.9885,526.9828,518.98584,-579.7641,536.89984,519.5407,-579.9931,497.11862,516.2179,-547.45746,490.9886,515.12305,-547.1476,484.48645,514.3357,-546.87665,561.5602,534.4503,-417.55304,488.1806,523.2082,-248.21887,514.59906,568.1779,-536.85364,483.64246,564.8304,-486.43835,615.10486,659.5145,-371.3965,429.9056,646.6888,46.230167,760.061,678.5185,-722.1417,376.74005,683.27454,706.51544,869.7775,685.2562,-1278.7844,288.58704,651.97864,1338.9336,918.494,687.3658,-1373.7847,271.1166,642.1437,1451.7822,897.1554,682.24194,-1421.012,263.1338,633.4605,1430.3893,875.4164,683.2727,-1314.8042,268.0227,642.19183,1343.7089,557.7433,994.1557,-158.04004,438.28915,998.0959,158.2953,624.93884,1221.0251,-125.606,410.6582,1199.594,543.77423,697.0507,1433.4686,92.09996,381.48914,1370.5503,1091.9117,713.00775,1467.485,99.166504,390.6299,1406.2512,1137.5789,666.6651,1512.2725,-154.3749,309.1088,1428.0543,967.19104
frame_33.jpg,495.24365,516.15656,-575.443,507.50256,499.18735,-543.28503,515.70667,498.51172,-543.2542,524.3875,497.68558,-543.46906,485.9555,502.9978,-526.4988,478.3032,504.5502,-526.5056,470.57504,506.36124,-526.7275,543.8299,516.00653,-335.6398,468.7551,525.3976,-237.36171,516.97003,541.6516,-501.22708,485.6679,545.7627,-472.18436,618.6242,640.0091,-303.8011,416.0111,641.3966,-22.653147,713.20435,636.14435,-703.18665,296.63538,648.29315,56.755203,724.0606,560.5005,-1285.0514,198.14896,646.5026,-220.09363,739.3457,544.1041,-1413.0637,173.67746,652.5942,-291.42722,719.1201,539.9398,-1438.146,184.27986,645.4368,-349.87402,711.24817,547.9415,-1312.0745,196.71434,649.4268,-256.02844,563.8769,958.99066,-102.348366,442.59894,957.33276,102.90117,626.34,1171.9897,-152.94878,398.98453,1149.2733,409.74493,693.97253,1370.7505,140.58226,369.05927,1326.5731,944.7165,697.80865,1396.5444,152.3678,380.95868,1358.3693,986.1879,687.1935,1448.5405,-159.27992,299.6432,1388.6686,746.9863
frame_34.jpg,582.9299,523.73517,-594.22235,594.43384,508.21347,-564.63885,601.3988,508.28946,-564.46356,608.8159,508.15018,-564.26605,573.62946,509.08017,-555.79767,566.2226,509.20755,-555.92865,558.8048,509.53033,-556.4906,620.935,520.88666,-356.24185,550.4927,521.75665,-300.8697,597.7054,545.78375,-516.8566,569.7553,546.06445,-499.94177,687.03735,621.7273,-273.3492,490.53653,619.3677,-94.52427,825.2491,633.23627,-317.30652,353.86984,634.0316,-17.204367,945.8796,648.49554,-595.97144,235.98003,640.19403,-245.98698,982.8221,656.98517,-665.4197,202.05734,649.01276,-294.213,978.9169,644.75165,-746.3714,204.15285,632.598,-371.2542,964.83264,644.2213,-638.3999,216.90604,633.4807,-290.18686,637.54095,929.1835,-64.202614,521.4667,924.81195,65.26748,694.57574,1118.5143,-53.935448,466.96652,1106.4818,181.6568,753.9136,1284.3271,316.37393,425.27426,1275.9967,562.15875,757.0415,1303.7892,339.02017,438.4727,1303.1223,585.8307,753.79803,1362.0298,50.927837,363.40027,1345.4645,321.5606
frame_35.jpg,569.265,499.20587,-549.57904,581.6608,484.9957,-524.3346,588.1948,485.73367,-524.2165,595.17126,486.35114,-524.22437,563.26404,484.0297,-519.84973,556.5604,483.59265,-519.8939,549.7977,483.3609,-520.1047,606.5759,499.8324,-340.1778,542.6996,494.47116,-293.7419,582.1173,521.3191,-480.77112,556.5473,519.2222,-466.6809,662.14215,590.5907,-331.29617,482.66522,581.59186,-122.04574,762.3882,585.7328,-631.766,355.38586,592.72473,-62.58162,813.51324,591.6747,-1120.2136,242.17505,589.3712,-217.66049,836.78796,602.33264,-1227.8195,208.27519,590.4461,-245.1656,818.5271,592.0214,-1276.9556,210.08301,578.7579,-314.22702,810.8796,591.3915,-1155.9355,221.31781,584.8105,-255.1862,615.1703,877.2784,-72.3598,505.9189,867.52527,72.75323,672.41907,1048.812,-110.04167,451.52478,1035.1841,201.31935,725.155,1203.4696,192.92667,417.46744,1189.3032,530.9023,727.928,1224.1382,208.96736,430.3647,1217.9634,550.6863,725.61194,1268.8573,-45.679924,354.64557,1242.7341,331.0909
frame_36.jpg,561.7971,512.31134,-533.22034,569.4414,499.70502,-502.2216,575.3958,499.95312,-502.10492,581.7787,500.04205,-501.94998,551.457,500.61087,-503.96625,544.43164,500.95786,-504.1059,537.41943,501.47632,-504.47604,588.22406,514.26245,-312.9135,526.1179,515.718,-306.9875,572.8121,534.0827,-464.02136,547.9017,534.5769,-460.96335,640.1211,603.85693,-241.9776,473.94922,606.0299,-146.63615,771.22864,600.2711,-297.54404,345.75455,611.4845,-120.996895,870.0124,611.9618,-566.1859,231.2219,599.8547,-306.63895,901.61194,619.1222,-634.4549,198.28566,599.698,-348.021,896.5612,608.2831,-703.3245,199.83987,583.4588,-418.59586,884.75134,609.01843,-605.51013,212.18823,587.71765,-347.05893,603.65796,869.43195,-34.623478,504.59018,867.83484,35.48669,661.9875,1026.753,-46.851864,459.73935,1022.27,168.04144,702.0579,1184.3455,233.1886,414.4538,1173.6079,479.13403,698.0489,1207.1311,249.40118,423.07455,1202.0319,498.9866,718.2543,1246.5223,10.572214,357.9824,1223.1194,277.62363
frame_4.jpg,551.3184,643.6939,-472.756,553.25195,632.6499,-427.99,557.6978,633.1691,-427.99686,562.5197,633.49963,-428.02576,536.1814,632.2492,-457.98846,529.14606,632.24176,-457.9538,522.0703,632.4934,-458.26227,558.68945,645.4091,-182.61688,503.50003,643.7434,-336.83066,557.11523,667.0782,-383.42844,535.5061,666.4927,-425.23834,593.2227,746.55133,18.943718,438.9742,745.1851,-291.55698,706.3135,752.211,238.27429,314.04962,754.45264,-383.16174,814.05255,740.47815,185.3033,178.30228,740.14105,-571.05695,844.9875,735.79584,190.55945,129.11528,733.1905,-624.54974,840.79156,729.2542,120.486786,136.17155,720.5918,-658.23676,829.67084,732.553,154.5991,152.16893,723.8871,-594.5516,569.3058,1025.5066,154.13672,480.78296,1029.6178,-153.26215,608.2297,1186.4147,634.4044,412.66806,1220.0005,-293.05066,637.22595,1328.9728,1126.2101,363.0515,1408.2205,-269.46405,624.87665,1357.8778,1161.5518,353.6851,1433.1682,-281.61624,715.11676,1378.8589,1032.7843,382.3121,1479.5968,-538.524
frame_5.jpg,587.847,669.36505,-549.9201,591.4773,653.76733,-510.6525,596.5446,653.8687,-510.6125,601.83765,653.9332,-510.78516,572.59204,653.6642,-534.9275,565.02026,653.29926,-534.88873,557.337,653.18414,-535.183,596.1746,662.5178,-235.80205,536.30493,660.8177,-366.66864,591.45905,689.1895,-444.99545,569.31976,688.41156,-480.45352,613.64453,756.20636,-124.63885,466.73026,749.2726,-260.8565,599.8555,786.98816,-310.74918,351.41455,761.7847,-405.05463,547.2548,746.22894,-695.3107,237.43742,758.54395,-694.0054,539.717,737.8687,-790.29236,198.64746,749.3528,-775.5317,531.098,731.3449,-798.30493,204.62283,746.6063,-814.7874,533.2656,734.68115,-709.24286,219.02832,752.5548,-719.0454,590.25916,1050.9347,105.664474,495.86316,1052.6827,-105.46373,623.55664,1208.0824,594.2621,448.71854,1251.3341,-258.90833,650.9513,1374.5863,1147.4088,388.42355,1455.9254,-338.53806,635.3704,1405.0332,1188.9347,376.78812,1483.9719,-366.4143,723.36127,1420.4364,996.83606,415.25098,1524.9078,-690.3811
frame_6.jpg,618.9057,662.5255,-500.32217,619.6114,646.9806,-458.36707,623.9782,646.88007,-458.3129,628.706,646.66003,-458.45804,602.35315,646.6896,-487.67596,595.0157,645.94446,-487.50684,587.6421,645.46063,-487.89673,618.9926,652.7625,-189.24284,565.9633,651.38007,-341.9432,622.472,681.5492,-400.2044,601.10144,680.495,-442.92664,638.29803,768.9517,40.469646,498.86926,741.2456,-322.74338,649.3578,877.9858,269.9676,383.56442,757.20654,-635.4642,664.0308,964.48004,252.56146,276.6345,768.5682,-1059.5348,667.1878,988.6052,251.17896,232.91592,769.46686,-1157.6188,668.37396,986.728,199.5913,244.8483,763.71454,-1177.2069,669.1859,976.8046,231.5801,259.79984,766.41815,-1081.812,610.63605,1047.7231,163.73924,526.4314,1049.8801,-163.00304,640.0289,1216.4419,576.44244,484.20926,1266.2576,-256.8183,652.4666,1388.0016,1094.232,419.81345,1469.8638,-270.7596,636.2634,1420.1642,1133.7089,398.21475,1497.0157,-288.53775,727.22546,1443.1593,979.3976,469.09726,1551.2659,-573.64606
frame_7.jpg,650.64935,671.3515,-277.48007,644.25183,650.6306,-248.63612,645.45074,649.2268,-248.51477,646.89685,647.7554,-248.55054,634.32916,653.11926,-302.69165,628.57227,652.9674,-302.697,622.8376,653.07745,-303.1333,629.9027,648.19006,-54.19421,597.62067,656.9129,-310.5089,647.6547,687.58954,-202.1039,634.79395,690.15204,-274.40646,634.10376,752.06165,151.70137,538.2771,741.5988,-349.61453,633.3551,793.87787,574.79736,430.48514,748.65314,-681.1113,640.31696,772.84436,899.78253,332.25726,766.44293,-1054.6659,646.5044,765.2995,953.3838,287.26218,767.4985,-1098.2524,644.35876,764.00775,939.199,300.0959,766.32477,-1129.722,645.54626,767.2141,901.47327,314.02554,769.4701,-1071.3488,614.636,1056.3135,186.37407,551.32153,1058.3993,-186.29665,657.1831,1207.776,509.5876,517.71765,1287.846,-298.044,648.12646,1397.1007,895.70624,445.12827,1502.9341,-438.49167,629.3557,1432.4391,923.5383,415.01718,1531.4915,-464.11102,717.3318,1458.2433,840.2201,511.40442,1591.1587,-675.7782
frame_8.jpg,639.36304,657.6455,-200.27908,629.4712,638.2758,-169.69843,628.76996,637.29895,-169.55162,628.3262,636.2893,-169.54286,624.7016,639.41406,-233.48201,620.03986,638.75507,-233.29718,615.3869,638.35406,-233.62411,607.0534,639.69556,24.346378,591.0585,645.06445,-274.5703,633.55774,675.37354,-125.3153,625.3429,676.2927,-212.03178,583.01373,755.59717,235.93626,546.8186,734.645,-365.13428,556.50385,844.95435,570.4613,454.33932,752.3498,-855.59375,524.178,901.7592,778.7137,374.9728,748.35913,-1269.4019,520.744,918.3638,808.0989,335.32193,746.15753,-1334.036,518.0071,917.2197,789.7254,342.60925,742.9661,-1345.4564,523.17474,910.9388,774.25366,352.69315,746.934,-1278.935,571.5498,1066.1716,220.66284,542.8117,1062.2628,-220.32932,600.1177,1210.1455,623.52484,519.7834,1294.1266,-257.7632,601.6846,1404.3661,976.0179,442.1467,1498.864,-471.48148,582.74664,1444.8656,999.8906,407.77203,1529.9819,-502.80292,678.94214,1456.312,906.14307,510.02237,1578.1631,-726.36554
frame_9.jpg,648.36035,668.9367,-170.36597,635.80566,647.2938,-141.56491,633.5904,645.6291,-141.46292,631.60706,643.99316,-141.54071,633.6096,650.3156,-213.42986,629.7619,650.2192,-213.2017,625.9135,650.3626,-213.38744,607.4218,647.99817,26.113077,600.88214,658.0855,-297.499,640.3215,686.6349,-103.96381,635.7322,689.4593,-196.22424,586.9891,771.1424,223.15546,559.51886,753.9875,-426.0437,572.36115,897.97003,510.78812,499.7511,782.7848,-918.324,581.6624,1004.074,684.1691,500.86716,752.94495,-1238.6154,587.2674,1036.8694,710.1518,487.20895,745.4885,-1291.6271,580.3339,1036.332,677.9164,491.58728,747.8101,-1274.7719,581.598,1024.0659,676.41254,495.5394,753.14325,-1233.2655,575.7954,1077.5206,227.8854,548.46844,1081.6869,-227.21199,593.8841,1226.1082,600.1347,530.73505,1312.0798,-328.7828,569.8717,1417.7078,986.8404,459.86777,1534.4672,-539.50867,546.8046,1456.851,1015.39526,425.5243,1569.7627,-569.71246,647.688,1467.76,959.49426,545.4401,1615.9104,-761.5368
